,Step,Value
0,5000,0.7040559649467468
1,10000,0.7068300366401672
2,15000,0.7088439059257508
3,20000,0.7105581755638123
4,25000,0.7107045886039735
5,30000,0.7111431501579285
6,35000,0.7123706902427673
7,40000,0.7122093299247743
8,45000,0.712253514481659
9,50000,0.7118348500448914
10,55000,0.7110582245182069
11,60000,0.7110343487734241
12,65000,0.7107641525074626
13,70000,0.7112415687444678
