,Step,Value
0,5000,0.7085726261138916
1,10000,0.7099651336669921
2,15000,0.7111715221405028
3,20000,0.7118748512268066
4,25000,0.7118712476730347
5,30000,0.7121326095962524
6,35000,0.7119786719741821
7,40000,0.7124797809280395
8,45000,0.7129097883795166
9,50000,0.7131171050604859
10,55000,0.7137390984855103
11,60000,0.7132192262269264
12,65000,0.7130938892517809
13,70000,0.7129038646789982
14,75000,0.7117671057565567
