,Step,Value
0,5000,0.7086486220359802
1,10000,0.7098538279533386
2,15000,0.7113442301750184
3,20000,0.7130595135688782
4,25000,0.7142225794792176
5,30000,0.7140975172996522
6,35000,0.7135575160789491
7,40000,0.7137253013496401
8,45000,0.7143544034507752
9,50000,0.7145502374378967
10,55000,0.7147087935094909
11,60000,0.7143804242303894
